url,relativePath,eTag,validTill,touched,length
https://images.ctfassets.net/ibk8qx4pr63c/0vXW2fGmhZUXdzgP2MVy/79915523b3e038ee866769bdd4c44130/nebula.webp?w=473,cf5839f0-4dae-11f1-afe5-ed0c2d4534f0.webp,"""9aaa04e5d14488c5db93e145a279bb52""",1810090862351,1778554862353,5696
https://images.ctfassets.net/ibk8qx4pr63c/12cXgUhwUNPLaIDUUeTNCt/5773195a9388fd7a7d26913ae876ca24/Sunrise20.webp?w=473,cf61afd1-4dae-11f1-afe5-ed0c2d4534f0.webp,"""54ed7c87bb2213571dd0ce5e96e7ee63""",1810090862413,1778554862416,2356
https://images.ctfassets.net/ibk8qx4pr63c/13AZSYWBU2adktAHLpjbBo/a698ab06cc98fa16b4a0088f63e7c677/EmeraldFlutter.webp?w=473,cf61fdf0-4dae-11f1-afe5-ed0c2d4534f0.webp,"""5650d1e778ab946dcf6d22eb23caa643""",1810090862415,1778554862416,7412
https://images.ctfassets.net/ibk8qx4pr63c/15ydiBbBGQr4Szdyg1hNsQ/258a584f6ffe36cadfc9a9942cf5654b/Icy_glow.webp?w=473,cf5d4300-4dae-11f1-afe5-ed0c2d4534f0.webp,"""5ba5e446da7571bba2f112458bab731a""",1810090862384,1778554862394,21968
https://images.ctfassets.net/ibk8qx4pr63c/1GYiuI6SnJ4C4Q5lD2CziG/134537cfea2661f0e48d841419c00392/sunset_allure_web.png?w=473,cf4722f0-4dae-11f1-afe5-ed0c2d4534f0.png,"""07061d932fa0684f6b475af762e76ae6""",1810090862239,1778554862310,148202
https://images.ctfassets.net/ibk8qx4pr63c/1J2t7IyFPdBAk2g1uX4TEN/56f9b2074003cfe33e75580f41f17b37/Sunrise14.webp?w=473,cf5e2d60-4dae-11f1-afe5-ed0c2d4534f0.webp,"""eb636f695b3869377e7552a36269ac51""",1810090862390,1778554862395,5452
https://images.ctfassets.net/ibk8qx4pr63c/1Le82tMEuEdfwVxrLOO5/e3c076b83be447d0db57e91523742980/hal.webp?w=473,cf797d90-4dae-11f1-afe5-ed0c2d4534f0.webp,"""fdf0684f5bdea8cf54832f761467080c""",1810090862569,1778554862591,17630
https://images.ctfassets.net/ibk8qx4pr63c/1MVLYYibwOiDTN2Ao4YkhR/e236f7221cab398baf2858d35534e2ee/Sunrise16.webp?w=473,cf607750-4dae-11f1-afe5-ed0c2d4534f0.webp,"""cfefa7bbcde9f0d606f91260b0ecd835""",1810090862405,1778554862408,2856
https://images.ctfassets.net/ibk8qx4pr63c/1dhvP2Xf0XaYNxj26YH40g/7eb8cdb5d53c2ffe5b439472c71cc0bc/Palm_sunset.webp?w=473,cf321450-4dae-11f1-afe5-ed0c2d4534f0.webp,"""bb48e977200350a87f22944e10186fd7""",1810090862101,1778554862105,20832
https://images.ctfassets.net/ibk8qx4pr63c/1fQj5cZxMQAumEawmwjzjB/b47a8f44dda8796ce0302f34f7cce639/Bahrain.webp?w=473,cf8e6520-4dae-11f1-afe5-ed0c2d4534f0.webp,"""0c35efa389e7f59d40a4d553dc0b1194""",1810090862706,1778554862719,12674
https://images.ctfassets.net/ibk8qx4pr63c/1gxyfRFvsClHjrpYNovfj7/57e2ec11141c011a41d9bcde7e246932/Cancun.webp?w=473,cf398e61-4dae-11f1-afe5-ed0c2d4534f0.webp,"""0ed2f2c7b07bdfb329ed35923b170bcf""",1810090862150,1778554862154,6300
https://images.ctfassets.net/ibk8qx4pr63c/1wta721rOJxVtBxhZZ0Sux/d2cd72ec9f5823adba3945b93596ffb9/Sunrise10.webp?w=473,cf5d4301-4dae-11f1-afe5-ed0c2d4534f0.webp,"""df63f6e5e20b0149626610a41969cc9e""",1810090862384,1778554862390,5124
https://images.ctfassets.net/ibk8qx4pr63c/24skZrnrhU9KlQaz49R360/13c59e9d499c5fc7e0679c2339a34828/DreamyDusk.webp?w=158,cd76a8b0-4dae-11f1-afe5-ed0c2d4534f0.webp,"""f2bf32ebb473a5f180cb90cd5b7e5e20""",1810090859194,1778554859202,2726
https://images.ctfassets.net/ibk8qx4pr63c/26e24wr7Mr1MCHoJWxF605/cbfb853e60eb0fbdb2f772091c6534c5/Resplendent.webp?w=473,cf638490-4dae-11f1-afe5-ed0c2d4534f0.webp,"""f2a4a9ca6c7cf0046f131b7db21e12a9""",1810090862425,1778554862428,6896
https://images.ctfassets.net/ibk8qx4pr63c/27pfPE7JDTeaLExGxTGFiw/2b86625ce32d45b5707dbdd963d2bfd0/RollingHills.webp?w=473,cf220ec0-4dae-11f1-afe5-ed0c2d4534f0.webp,"""6548c6ffcd111baaddd4e386362c8b7a""",1810090861996,1778554862005,7178
https://images.ctfassets.net/ibk8qx4pr63c/29U4sJ5GLozwdXPV9wLDJj/7236d94898189c189a5572b8797420fa/FallHarvest.webp?w=473,cf5023a0-4dae-11f1-afe5-ed0c2d4534f0.webp,"""a175d8b4fede75a9a9b94f943796e7d5""",1810090862298,1778554862304,16544
https://images.ctfassets.net/ibk8qx4pr63c/2TJldpiJu1wV9rxFWa5w9/96c7f8d199a1813ba50958a901d92683/AmethystValley.webp?w=473,cf63f9c0-4dae-11f1-afe5-ed0c2d4534f0.webp,"""7bf1ac7c7c84a57e275c592c49c1df9d""",1810090862428,1778554862429,2144
https://images.ctfassets.net/ibk8qx4pr63c/2ZVmNyfKnaLjIr4z6Zdm2K/0cbf5148c09c65808814eadf3e25bfc1/WarmEmbrace.webp?w=473,cf22d210-4dae-11f1-afe5-ed0c2d4534f0.webp,"""45007eeae6456ede7d7fd95de2896df8""",1810090862001,1778554862019,7376
https://images.ctfassets.net/ibk8qx4pr63c/2f2UavlWIPAOTRP4WBwV/ac9ac565b23455b3f7995fbfcdf4c8e9/forestAdventure.webp?w=473,cf6e5a00-4dae-11f1-afe5-ed0c2d4534f0.webp,"""0ca7cf15503bd9da293f6cd594c2ccdb""",1810090862496,1778554862515,26574
https://images.ctfassets.net/ibk8qx4pr63c/2ip2ql3vAvj6IvbdGfSyli/29875872a21246a808b9845d87ae430c/Campire_.webp?w=473,cf317810-4dae-11f1-afe5-ed0c2d4534f0.webp,"""7d387eabc6815319eb70a5ee3b57dd9c""",1810090862097,1778554862100,15796
https://images.ctfassets.net/ibk8qx4pr63c/2snHNgQEHtJxyIhhIS4QUf/7251ef3c9251a36b56677e941465efc1/Memento.webp?w=158,cd757030-4dae-11f1-afe5-ed0c2d4534f0.webp,"""323a75ea0450d3c73296764aa19d2a40""",1810090859187,1778554859196,2250
https://images.ctfassets.net/ibk8qx4pr63c/2v4OHToti0uCcak4h7SUyh/d78b161cd55379b85e7a906f22552a6e/Zandvoort.webp?w=473,cf88bfd0-4dae-11f1-afe5-ed0c2d4534f0.webp,"""b85414dc7ad317a1eeb195172ebe4966""",1810090862669,1778554862702,13030
https://images.ctfassets.net/ibk8qx4pr63c/2w6wDl7mHEJFnvMjUYcrhL/d23154bad446ec398a29fb0eb22554ae/MajesticMorning.webp?w=473,cf805b60-4dae-11f1-afe5-ed0c2d4534f0.webp,"""aff6554234db7ea253ef5606e4a8ab57""",1810090862614,1778554862626,7504
https://images.ctfassets.net/ibk8qx4pr63c/2yTFpshVWPTqUVXolwPBK5/67ef633747cf9fdc156e849859abe1f9/HazyDays.webp?w=473,cf658060-4dae-11f1-afe5-ed0c2d4534f0.webp,"""803952ad4c01c54786f94eaa0afb9fce""",1810090862438,1778554862440,5048
https://images.ctfassets.net/ibk8qx4pr63c/2zKbHufaLNafli8sXcwp61/8aa138580b17200d2e20d30feeef8dee/Resplendent.webp?w=158,cd717890-4dae-11f1-afe5-ed0c2d4534f0.webp,"""e51979113b39a8d4b0f87a7d7228e12c""",1810090859161,1778554859189,3700
https://images.ctfassets.net/ibk8qx4pr63c/2zTQFU5SI0HtvWc0UJ8i/470f4d672f75c5d2af96e26f043242c6/sundown.webp?w=473,cf858b80-4dae-11f1-afe5-ed0c2d4534f0.webp,"""aac07a9fdea281ccd8537930595e5ee9""",1810090862648,1778554862667,20528
https://images.ctfassets.net/ibk8qx4pr63c/302hFn7siMt09xal66eI/aa85273a18f124cbeb6dfe887fc93215/soho.webp?w=473,cf722a90-4dae-11f1-afe5-ed0c2d4534f0.webp,"""68bce819776fa6e629b5052603be97d4""",1810090862521,1778554862529,10142
https://images.ctfassets.net/ibk8qx4pr63c/37HbOkjD1cmDE2SkfIjrYL/73cb33a096c91cd43a7807f74c56e5c2/Santorini.webp?w=473,cf303f90-4dae-11f1-afe5-ed0c2d4534f0.webp,"""d2daf180bc8c57f21de4798bbf85234d""",1810090862089,1778554862094,21148
https://images.ctfassets.net/ibk8qx4pr63c/38CIL9MNVPgEt4MLqidjr5/2202ddfb118ebfbbf1834919c591539e/Adrift.webp?w=473,cf7c15a0-4dae-11f1-afe5-ed0c2d4534f0.webp,"""15c4a565313278271db4360a8e7af38e""",1810090862586,1778554862606,8144
https://images.ctfassets.net/ibk8qx4pr63c/39yAc5zL3X6daXKWrzvDqo/89c2d6431dd6a0e45213c391305f787e/RollingHills.webp?w=158,cd75e560-4dae-11f1-afe5-ed0c2d4534f0.webp,"""caf5b35e075d1213d6479592272f4e4d""",1810090859190,1778554859199,1950
https://images.ctfassets.net/ibk8qx4pr63c/3IadaGi4NYZjO2JngFDn2M/b8b06b2066083f332523d776d3082b1a/Rio.webp?w=473,cf39dc80-4dae-11f1-afe5-ed0c2d4534f0.webp,"""41e8ec36b5dfc99948d4a1c87c101c1c""",1810090862152,1778554862155,14040
https://images.ctfassets.net/ibk8qx4pr63c/3LBzZHyCGLME1osHknpbYK/fa1fe48b7f4722d50c5338961db4a40b/PumpkinPatch.webp?w=473,cf51aa40-4dae-11f1-afe5-ed0c2d4534f0.webp,"""6344fd68de2bf494f0091508c3183af8""",1810090862308,1778554862318,23930
https://images.ctfassets.net/ibk8qx4pr63c/3gz3f6ogKnXf44eYqzGIkI/3e23360eef9c8bb11513e042c15a9c24/WoodlandToadstool.webp?w=473,cf4e9d00-4dae-11f1-afe5-ed0c2d4534f0.webp,"""00335e31353ba53443607123833b806d""",1810090862288,1778554862298,18940
https://images.ctfassets.net/ibk8qx4pr63c/3hyRmrdl0pBTC8ZSXJHzpK/9e1d1121d46e70d498e415575293cd68/Meriete.webp?w=473,cf6f4460-4dae-11f1-afe5-ed0c2d4534f0.webp,"""706df33018576ebfc9e5d648356a6a59""",1810090862502,1778554862510,13038
https://images.ctfassets.net/ibk8qx4pr63c/3pla6LoKBKrGklm33so2Bw/0e2763c721c1ba5f525b63cdd901d85d/popsickle.webp?w=473,cf368120-4dae-11f1-afe5-ed0c2d4534f0.webp,"""128e62599b057f6ee301822f28ebe260""",1810090862130,1778554862134,7828
https://images.ctfassets.net/ibk8qx4pr63c/3sby8kUig8qfxqkQvYSDv6/46467255fb7e3e493728f79608adedba/Silverstone.webp?w=473,cf87d570-4dae-11f1-afe5-ed0c2d4534f0.webp,"""1368010ee1ac3c359f5b7114f5b176c5""",1810090862662,1778554862670,14362
https://images.ctfassets.net/ibk8qx4pr63c/43bk9ARFjRBIJZi8daR1S4/030637638f42e659435259a78fd17987/Watermelon.webp?w=473,cf3596c0-4dae-11f1-afe5-ed0c2d4534f0.webp,"""de94d3c68a77612f385ceeebe870db7f""",1810090862124,1778554862129,13730
https://images.ctfassets.net/ibk8qx4pr63c/4BJNz5BzAlrpxxmFDuShdX/34a44ad5bd6c03b3940e885947c23032/Crocus.webp?w=473,cf081e20-4dae-11f1-afe5-ed0c2d4534f0.webp,"""25eb722c39ea2f3423bd3cc350c2e597""",1810090861826,1778554861857,6292
https://images.ctfassets.net/ibk8qx4pr63c/4b4ht76q9vt3KCv32ZVRGS/5c88304da0f38658abd7e7344df47911/Miami.webp?w=473,cf90fd30-4dae-11f1-afe5-ed0c2d4534f0.webp,"""bc6f02ca580340f0a6acdd7398370a65""",1810090862723,1778554862728,13448
https://images.ctfassets.net/ibk8qx4pr63c/4koQTbHLEvSDY92m6bGQ9T/2ef7e547c54b49975d2c527969c65c3a/Snowcapped.webp?w=473,cf8675e0-4dae-11f1-afe5-ed0c2d4534f0.webp,"""d703103af63c02146e7454aa2913e8b9""",1810090862654,1778554862667,13406
https://images.ctfassets.net/ibk8qx4pr63c/4zI8W7bza9s9YunsHPqZUs/5e4cc9a65791a1eb51d708d608f3bf3b/Baby-s_breath.webp?w=1575,cf089350-4dae-11f1-afe5-ed0c2d4534f0.webp,"""8dfdf5533232e0fdb2363661e9cd4d39""",1810090861829,1778554861890,28296
https://images.ctfassets.net/ibk8qx4pr63c/4zI8W7bza9s9YunsHPqZUs/5e4cc9a65791a1eb51d708d608f3bf3b/Baby-s_breath.webp?w=473,cf127e60-4dae-11f1-afe5-ed0c2d4534f0.webp,"""2f6d002b7d1dd546a6803dfa7b5b2f6b""",1810090861894,1778554861925,5482
https://images.ctfassets.net/ibk8qx4pr63c/53OHRKuCPBPkho6Enz6W7T/cb2d7aeb2e97b7544a6d0e7ce511bbca/DreamyDusk.webp?w=1575,cf0beeb0-4dae-11f1-afe5-ed0c2d4534f0.webp,"""eac766d28f741fed9296f66af07f6129""",1810090861851,1778554861994,139668
https://images.ctfassets.net/ibk8qx4pr63c/53OHRKuCPBPkho6Enz6W7T/cb2d7aeb2e97b7544a6d0e7ce511bbca/DreamyDusk.webp?w=473,cf2458b0-4dae-11f1-afe5-ed0c2d4534f0.webp,"""028bb477355e8293abfbe9dd1b3329e0""",1810090862011,1778554862025,15014
https://images.ctfassets.net/ibk8qx4pr63c/5BC8SQbl1Wk7A2rILq6o1v/e6a81fb61407b2455d42244f1b8f8d8b/shine_gallery.webp?w=1575,cf1d05b0-4dae-11f1-afe5-ed0c2d4534f0.webp,"""8e148858935e27d34adeb983194044d4""",1810090861963,1778554862002,41126
https://images.ctfassets.net/ibk8qx4pr63c/5BC8SQbl1Wk7A2rILq6o1v/e6a81fb61407b2455d42244f1b8f8d8b/shine_gallery.webp?w=473,cf2cbd20-4dae-11f1-afe5-ed0c2d4534f0.webp,"""34f26b2568f785cdbe89f06db5aa26f1""",1810090862066,1778554862070,6412
https://images.ctfassets.net/ibk8qx4pr63c/5HEom40mJOqUx9B4JEnnIr/4607e3aa10c02df5e93e2ac96d099103/Pensive.webp?w=158,cd77e130-4dae-11f1-afe5-ed0c2d4534f0.webp,"""ae8c8fdb0482db2be63b8cf269dc955d""",1810090859202,1778554859208,2642
https://images.ctfassets.net/ibk8qx4pr63c/5RcctsiqtSU7rzxjvAdEFE/a068eb4718d265a1f1eddf792e48f128/Vespa.webp?w=473,cf2f2e20-4dae-11f1-afe5-ed0c2d4534f0.webp,"""6e4813ee6015fa22967c84624bb70630""",1810090862082,1778554862086,26728
https://images.ctfassets.net/ibk8qx4pr63c/5aJW5FtDLEBfoOyusNV1/a840480276a7ed4ab98202fcdc1b5627/promise.webp?w=473,cf4c04f0-4dae-11f1-afe5-ed0c2d4534f0.webp,"""e5d4dc22ce806db33385a810dc2dc674""",1810090862271,1778554862276,16226
https://images.ctfassets.net/ibk8qx4pr63c/5ehT6hVXQozaqVr0UdvQ1A/872049f7a1a6b06e9f4bf4e529878706/storybook_gallery.webp?w=1575,cf1febe0-4dae-11f1-afe5-ed0c2d4534f0.webp,"""89179706d471467a04c74bbd0ba54d90""",1810090861981,1778554862034,73698
https://images.ctfassets.net/ibk8qx4pr63c/5ehT6hVXQozaqVr0UdvQ1A/872049f7a1a6b06e9f4bf4e529878706/storybook_gallery.webp?w=473,cf2d5960-4dae-11f1-afe5-ed0c2d4534f0.webp,"""95128478eba4040b0a7af68374aaccc3""",1810090862070,1778554862074,11268
https://images.ctfassets.net/ibk8qx4pr63c/5lPcIlE3XIXqYxua09gGhM/0d63f2b1b55696c8c4df94fe186e0aa3/Sao_Paulo2.webp?w=473,cf8e1700-4dae-11f1-afe5-ed0c2d4534f0.webp,"""b0b0bdc6319c6ab2faab4883063a1e00""",1810090862704,1778554862713,11906
https://images.ctfassets.net/ibk8qx4pr63c/5ze2lvgIQIRS5mHh4ddd/38e09e6604d2e2c6c78f66892125b040/arcticAurora.webp?w=473,cf55a1e0-4dae-11f1-afe5-ed0c2d4534f0.webp,"""fd3926d1df831a0d06e15f5271c76da4""",1810090862334,1778554862335,4780
https://images.ctfassets.net/ibk8qx4pr63c/63J4Ov5c5sDbFLuHh4he8r/061147a70cd36439cb91a159cea693bb/arise_gallery.webp?w=1575,cf1b7f10-4dae-11f1-afe5-ed0c2d4534f0.webp,"""17e231d6462d1259f3375b0116a22a78""",1810090861953,1778554861994,48340
https://images.ctfassets.net/ibk8qx4pr63c/63J4Ov5c5sDbFLuHh4he8r/061147a70cd36439cb91a159cea693bb/arise_gallery.webp?w=473,cf2dce90-4dae-11f1-afe5-ed0c2d4534f0.webp,"""7e15889a957d5828fd354acedbdd02a7""",1810090862073,1778554862076,8204
https://images.ctfassets.net/ibk8qx4pr63c/65hfSzR8pF5vw4tv1kYOyX/f67432230fea3070b09c9d25c4351a1f/AmberRobin.webp?w=473,cf4dd9b0-4dae-11f1-afe5-ed0c2d4534f0.webp,"""4923c619588fafdb720e1062f7c4f572""",1810090862283,1778554862288,4998
https://images.ctfassets.net/ibk8qx4pr63c/66ExrmF0GlAOclKuyzQ4tu/05bcf0d5c7014021060680acab09b4ae/MistyRidge.webp?w=473,cf653240-4dae-11f1-afe5-ed0c2d4534f0.webp,"""354bfe633d22c7a74ec0a2ff22fe39eb""",1810090862436,1778554862438,1756
https://images.ctfassets.net/ibk8qx4pr63c/6DFd6uKJNjHyTfiTfcixHo/f9e3a70aba0a174ee1d613fdb464be27/sleepy_gallery.webp?w=1575,cf20af30-4dae-11f1-afe5-ed0c2d4534f0.webp,"""23e2cf661ba4c3c032f891bdb46f5c8a""",1810090861987,1778554862004,23430
https://images.ctfassets.net/ibk8qx4pr63c/6DFd6uKJNjHyTfiTfcixHo/f9e3a70aba0a174ee1d613fdb464be27/sleepy_gallery.webp?w=473,cf2bd2c0-4dae-11f1-afe5-ed0c2d4534f0.webp,"""96924b8a0f2ff11956bb37acebf431cb""",1810090862060,1778554862064,7440
https://images.ctfassets.net/ibk8qx4pr63c/6UKXsczEHiwoV4Ksf5jbbH/ab11d3c21167973e3c91b5de2597dd89/Sunrise18.webp?w=473,cf607751-4dae-11f1-afe5-ed0c2d4534f0.webp,"""4e23f3fd3e10188a6385df6afbff6b48""",1810090862405,1778554862408,4944
https://images.ctfassets.net/ibk8qx4pr63c/6WhQusrz09jkca1wFRc4RJ/be5a37ea1f3c9f4e70c339bf24d50d68/Pensive.webp?w=1575,cf089351-4dae-11f1-afe5-ed0c2d4534f0.webp,"""5445ea387698cbcec976594cb5d51084""",1810090861829,1778554861933,54828
https://images.ctfassets.net/ibk8qx4pr63c/6WhQusrz09jkca1wFRc4RJ/be5a37ea1f3c9f4e70c339bf24d50d68/Pensive.webp?w=473,cf7d0000-4dae-11f1-afe5-ed0c2d4534f0.webp,"""876fd9c8567d58e1e960bfa1fe4f3993""",1810090862592,1778554862611,8486
https://images.ctfassets.net/ibk8qx4pr63c/6WwTR3umzLuVvbCDzgeMMf/86577a7c23c92d20df088ec9981baf28/nighttime_gallery.webp?w=473,cf2bf9d0-4dae-11f1-afe5-ed0c2d4534f0.webp,"""c9746df6bd6b8079a7549b0aa53613ba""",1810090862061,1778554862064,7090
https://images.ctfassets.net/ibk8qx4pr63c/6dZShPS9KNpFSRTmx3suaF/c2f94d01e1db9d98cd8f0bf2fe3fa138/unwind_gallery.webp?w=1575,cf208820-4dae-11f1-afe5-ed0c2d4534f0.webp,"""8f75b9d4485742335eb61584a9d1ac41""",1810090861986,1778554862011,26896
https://images.ctfassets.net/ibk8qx4pr63c/6dZShPS9KNpFSRTmx3suaF/c2f94d01e1db9d98cd8f0bf2fe3fa138/unwind_gallery.webp?w=473,cf2c20e0-4dae-11f1-afe5-ed0c2d4534f0.webp,"""f61426936e6c0943287013bcd06bdcce""",1810090862062,1778554862067,7990
https://images.ctfassets.net/ibk8qx4pr63c/6geb9LRh65zynDnsLZrlsq/9e4e29e78ed4aac7d0f7d1dda5d11f6d/Donut.webp?w=473,cf35e4e0-4dae-11f1-afe5-ed0c2d4534f0.webp,"""c6236aa0f97b9220dd35f14e21445d96""",1810090862126,1778554862129,12118
https://images.ctfassets.net/ibk8qx4pr63c/6hRblv4CvREugrjNWSMfSl/2dd51e2ed52c201e8bd1bc8fefd159bf/ScarletDream.webp?w=473,cf649600-4dae-11f1-afe5-ed0c2d4534f0.webp,"""752d9ce75cd547a2e5406fc0e566f45c""",1810090862431,1778554862434,10486
https://images.ctfassets.net/ibk8qx4pr63c/6hXgzTVY5FwtlWhDG2IMTO/4da5188113f9b2238da13b30e35959bf/StillWaters.webp?w=473,cf797d91-4dae-11f1-afe5-ed0c2d4534f0.webp,"""2559f208fa075d91bd1d34f95641b5e9""",1810090862569,1778554862586,9472
https://images.ctfassets.net/ibk8qx4pr63c/6hpZVCvzpbucxLRiTGPqQV/793e9e8519dc07feac9333b996e992a9/Miami.webp?w=473,cf398e60-4dae-11f1-afe5-ed0c2d4534f0.webp,"""fb8abe5256fc4e8db8352cd8c3753337""",1810090862150,1778554862153,7186
https://images.ctfassets.net/ibk8qx4pr63c/6klVduqK7FJFaRoPSGzIpR/26b8f03441984d2ec8eb56a02b18aa81/PumpkinSpice.webp?w=473,cf4ec410-4dae-11f1-afe5-ed0c2d4534f0.webp,"""1b48b31b363a4fb70dc87fc645ffe2c4""",1810090862289,1778554862296,15656
https://images.ctfassets.net/ibk8qx4pr63c/6lf5pkJiNtsHArigj5Mkj2/9f2e3a9a5adf09ad825bf214e9ba23c0/Amongthepines.webp?w=473,cf2a7330-4dae-11f1-afe5-ed0c2d4534f0.webp,"""978bc0d1d97089509537b96807a6ed81""",1810090862051,1778554862055,11834
https://images.ctfassets.net/ibk8qx4pr63c/79EYyDsD2KYxAu0vjRotQw/d4593cbfc55d2141a7c5e2c9978beb24/Singapore.webp?w=473,cf8deff0-4dae-11f1-afe5-ed0c2d4534f0.webp,"""fe6452d6910c4fffc7873d8fa2e70f11""",1810090862703,1778554862720,16660
https://images.ctfassets.net/ibk8qx4pr63c/7DTARIyHwleRRZWruWmnEB/48097dd28bf35214cb1c0ccb9fcdf42c/Summer_resort.webp?w=473,cf339af0-4dae-11f1-afe5-ed0c2d4534f0.webp,"""20936082dadb1142184fe5dfafb858c9""",1810090862111,1778554862119,16164
https://images.ctfassets.net/ibk8qx4pr63c/7Fvqn366bF9AKrrbefcMpI/aa4da6a1db4e1d53aad2a024eaa163d2/DowntownDrizzle.webp?w=473,cf34fa80-4dae-11f1-afe5-ed0c2d4534f0.webp,"""0185c2cbf3d24b992c60a33a38ed985e""",1810090862120,1778554862128,23928
https://images.ctfassets.net/ibk8qx4pr63c/7LB5AQABqDcOnSnjsaDOVc/d7146653529a19dcd8d1b108d68867db/Sailboat.webp?w=473,cf59c090-4dae-11f1-afe5-ed0c2d4534f0.webp,"""cad8ce719d1871acf8c50931619c6937""",1810090862361,1778554862363,2822
https://images.ctfassets.net/ibk8qx4pr63c/7kwpNy1H1EhLMdmQZfTK/64ffab6bb55e22a3aba6200cdfdbdd5f/springBlossom.webp?w=473,cf1cdea0-4dae-11f1-afe5-ed0c2d4534f0.webp,"""ddf661740c838e742edcb82515100adc""",1810090861962,1778554861979,11528
https://images.ctfassets.net/ibk8qx4pr63c/7qtqPvUg3Dl6m76J0XOT/50bc340dbd89a0fca6818ec16b8aeb70/glitzAndGlam.webp?w=473,cf4a7e50-4dae-11f1-afe5-ed0c2d4534f0.webp,"""a4afd098b5d81e3ce7d37ef91b33ed37""",1810090862261,1778554862274,24042
https://images.ctfassets.net/ibk8qx4pr63c/8DyNLAYLtUvZ2jkf8X0By/1aa2a1999b99f75c6f514d1cc5566449/PinkyPop.webp?w=473,cf11bb10-4dae-11f1-afe5-ed0c2d4534f0.webp,"""e13676d2b81ab3f42341a3de529acc04""",1810090861889,1778554861903,6360
https://images.ctfassets.net/ibk8qx4pr63c/8vA2n2g9qMjRvZoQTiVg/e134234c00f9bdd4607c0ab5485889b9/cityOfLove.webp?w=473,cf457540-4dae-11f1-afe5-ed0c2d4534f0.webp,"""21ba0bffbeb71d6271c85cba5315784e""",1810090862228,1778554862231,15382
https://images.ctfassets.net/ibk8qx4pr63c/9kKjkyUyu9hSf5wQKDr5/3ddd70cba77168d5fa28030cb389ea3a/disturbia.webp?w=473,cf7733a0-4dae-11f1-afe5-ed0c2d4534f0.webp,"""66a42711b386a8f1e85bc9e58bb28c41""",1810090862554,1778554862569,5606
https://images.ctfassets.net/ibk8qx4pr63c/C6594TKPhL75Y7JAv2vV/86ea6218e5aeea1fc27dfef34534931c/bluePlanet.webp?w=473,cf6ef640-4dae-11f1-afe5-ed0c2d4534f0.webp,"""3390fe9adbd8af89ac77d137a68444b2""",1810090862500,1778554862522,30698
https://images.ctfassets.net/ibk8qx4pr63c/DmyZa6xosXq87NrEDiZD/44b779d68da58fbca339871261021782/midwinter.webp?w=473,cf6902d0-4dae-11f1-afe5-ed0c2d4534f0.webp,"""88fc055b1baf11ef9e6fd3e6e1fc85c2""",1810090862460,1778554862462,2486
https://images.ctfassets.net/ibk8qx4pr63c/EJ3jA1tobZT4awAp4oif/3456764375e14b1b727c5fb05888f730/lakePlacid.webp?w=473,cf820910-4dae-11f1-afe5-ed0c2d4534f0.webp,"""0649b475563300e951e7c344c1281f6b""",1810090862625,1778554862644,7890
https://images.ctfassets.net/ibk8qx4pr63c/EcVgJo5jqhDiLNg3SVzus/753373fba815aba600227eb9f58090ba/CherryBlossom.webp?w=1575,cf086c40-4dae-11f1-afe5-ed0c2d4534f0.webp,"""614034faec8a11ace7ec1f7d9fd2a106""",1810090861828,1778554861888,26366
https://images.ctfassets.net/ibk8qx4pr63c/EcVgJo5jqhDiLNg3SVzus/753373fba815aba600227eb9f58090ba/CherryBlossom.webp?w=473,cf11e220-4dae-11f1-afe5-ed0c2d4534f0.webp,"""602f2ca9e0ac9decaa3484232c698961""",1810090861890,1778554861917,5748
https://images.ctfassets.net/ibk8qx4pr63c/FjQ24eGRk25bkFrVteye/627926333029ccc7bc9becdd8c65ea45/emeraldIsle.webp?w=473,cf5e5470-4dae-11f1-afe5-ed0c2d4534f0.webp,"""00cda97fcdc6e2294d82f929dde64fdd""",1810090862391,1778554862399,19574
https://images.ctfassets.net/ibk8qx4pr63c/G2W4aZoCOjzALG8kLYMS/d27d983a8f2332b4bad4c2b3ca6c70db/oceanDawn.webp?w=473,cf5aaaf0-4dae-11f1-afe5-ed0c2d4534f0.webp,"""33fa241b7009821c52daf9a71c7d4486""",1810090862367,1778554862371,14442
https://images.ctfassets.net/ibk8qx4pr63c/GU3S0MO2LL2RfgIaUJHH/a9f7236805f44bafad1005eb32b06399/fairfax.webp?w=473,cf43c790-4dae-11f1-afe5-ed0c2d4534f0.webp,"""2a53b6500c62a97992802fc555dea9de""",1810090862217,1778554862226,24796
https://images.ctfassets.net/ibk8qx4pr63c/H0xFP7wLEnrNQrF8C4Xh/e6efa7032eb6af9c8fea8baf1afefb7e/chinatown.webp?w=473,cf3b6320-4dae-11f1-afe5-ed0c2d4534f0.webp,"""66696045cd1e82f690747b76c1bf5377""",1810090862162,1778554862167,24344
https://images.ctfassets.net/ibk8qx4pr63c/I3TWTlmgK8ZPoOcWwff1/63e1f7b2628ac3389035d0603c0e7b2c/osaka.webp?w=473,cf3e9770-4dae-11f1-afe5-ed0c2d4534f0.webp,"""467a5504a4c76ec820119c389d120b6e""",1810090862183,1778554862196,16126
https://images.ctfassets.net/ibk8qx4pr63c/K4FA5eYgomoCFLqk0S8q/64a08025e65c0dd51c10f09798d512ae/tropicalTwilight.webp?w=473,cf2a4c20-4dae-11f1-afe5-ed0c2d4534f0.webp,"""c712f612da84a8aee6511f398f99968c""",1810090862050,1778554862059,29360
https://images.ctfassets.net/ibk8qx4pr63c/OrxEokBsIjeRmALkAHuh/8f10733d63f560ac98c5fe38875628f1/ibiza.webp?w=473,cf3e4950-4dae-11f1-afe5-ed0c2d4534f0.webp,"""1ee4f20ecf6b700cadf7856b91b3f3d7""",1810090862181,1778554862198,28220
https://images.ctfassets.net/ibk8qx4pr63c/Q5mGY7TRX4hDPcBQ3l7Mw/4807b60f277d23a1a6b846b553a37570/Narcissa.webp?w=473,cf120930-4dae-11f1-afe5-ed0c2d4534f0.webp,"""a6d6a4df69876c6e5e8c1cabce1cde71""",1810090861891,1778554861917,7030
https://images.ctfassets.net/ibk8qx4pr63c/RZTPvCEMkGe7KMUWspf1/2855cfd450aff453c522e1848dacf125/smitten.webp?w=473,cf477110-4dae-11f1-afe5-ed0c2d4534f0.webp,"""7e124e4cfbda0ebcf6435201ec7d904d""",1810090862241,1778554862257,6378
https://images.ctfassets.net/ibk8qx4pr63c/SgZGomLHIrHyYYm4U096/5c6f2a73b1fd632538b9474d6314fa6c/sundayMorning.webp?w=473,cf5e7b80-4dae-11f1-afe5-ed0c2d4534f0.webp,"""03b6e49d5b734728dcdc6475d36d3d23""",1810090862392,1778554862397,10120
https://images.ctfassets.net/ibk8qx4pr63c/SlcL4Yk5JN3LQzeN1mRY/93a9307af04fec53ca8009d7293a13fd/amberBloom.webp?w=1575,cf092f90-4dae-11f1-afe5-ed0c2d4534f0.webp,"""c38ef1b1470c28d2a55551fb4d138150""",1810090861833,1778554861927,45928
https://images.ctfassets.net/ibk8qx4pr63c/SlcL4Yk5JN3LQzeN1mRY/93a9307af04fec53ca8009d7293a13fd/amberBloom.webp?w=473,cf699f11-4dae-11f1-afe5-ed0c2d4534f0.webp,"""40c402f9b2b75e7334c605935e1ed928""",1810090862465,1778554862469,10636
https://images.ctfassets.net/ibk8qx4pr63c/T6VQ6yl9ZzcN3AdoyXiG/021fa1584f98cd14abecf84bbcfd1357/blueLagoon.webp?w=473,cf7f22e0-4dae-11f1-afe5-ed0c2d4534f0.webp,"""a1f0863d7d73963e83900578730f23f6""",1810090862606,1778554862619,9178
https://images.ctfassets.net/ibk8qx4pr63c/ThKJfcNub2TDqvMwjq9wp/40cce0cccaf9296198b1f072ae24ce63/Suzuka2.webp?w=473,cf8e3e10-4dae-11f1-afe5-ed0c2d4534f0.webp,"""1238afe6dc4921a9e88a02b5411cf751""",1810090862705,1778554862725,26250
https://images.ctfassets.net/ibk8qx4pr63c/VvFKx37DNYUKeoox8eYO/67993da95fb074b94d59336aba8c3f7a/motown.webp?w=473,cf428f10-4dae-11f1-afe5-ed0c2d4534f0.webp,"""f85bce00f62396ab8b07ac1413cb1931""",1810090862209,1778554862214,13258
https://images.ctfassets.net/ibk8qx4pr63c/VwEdIuCwL6qbt8K1wQZy/3746740eef719de7776f4462d1340bcd/tokyo.webp?w=473,cf41a4b0-4dae-11f1-afe5-ed0c2d4534f0.webp,"""cb2dafd2b612466f997c9f2ad8737ecc""",1810090862203,1778554862218,37760
https://images.ctfassets.net/ibk8qx4pr63c/WAVIJPrMM482EF1LXC23/96ee9903e68c5ae469327e8526e7f56f/lily.webp?w=473,cf6ab080-4dae-11f1-afe5-ed0c2d4534f0.webp,"""a3f7c563aeb24c03ed90f87ca16c99a4""",1810090862472,1778554862474,7096
https://images.ctfassets.net/ibk8qx4pr63c/XJOhFhAaM5V5UCtofnRl/91e1fe6a714522d0e477c06438341e32/palmBeach.webp?w=473,cf8368a0-4dae-11f1-afe5-ed0c2d4534f0.webp,"""1707c3901efea28e3387e84d06a12ae2""",1810090862634,1778554862665,30986
https://images.ctfassets.net/ibk8qx4pr63c/XaUofXiy3jSa95u05lON/f0f445113a5f88e2a48c446abcce7d4f/starlight.webp?w=473,cf5357f0-4dae-11f1-afe5-ed0c2d4534f0.webp,"""1913183c7b5ab7d2a10d15113b962768""",1810090862319,1778554862328,12632
https://images.ctfassets.net/ibk8qx4pr63c/Xh79sLMuNk6TbX3WqKnD/fc019eea8f73ccd2234f9b8714bfc66a/lakeMist.webp?w=473,cf5a5cd0-4dae-11f1-afe5-ed0c2d4534f0.webp,"""960417a06bf185b5b136853afb1c7ebf""",1810090862365,1778554862369,6018
https://images.ctfassets.net/ibk8qx4pr63c/XkBFz507vE7MInk2sqz1u/60c05a05a40c0b0375e8fd5f4b32b143/EmeraldFlutter.webp?w=158,cd757031-4dae-11f1-afe5-ed0c2d4534f0.webp,"""0abd5494303a87b7cc33c0c66618a873""",1810090859187,1778554859196,1872
https://images.ctfassets.net/ibk8qx4pr63c/XmNJgPRBxCs6KrkyVGVR/03ca14ce653593833026951e5a957aa5/goldenPond.webp?w=473,cf282940-4dae-11f1-afe5-ed0c2d4534f0.webp,"""66a393c6b070bc3d3ec0aac806009673""",1810090862036,1778554862039,14590
https://images.ctfassets.net/ibk8qx4pr63c/YmCkiVRmLSFKvtjo63r9/14f74626e480504e06afdaabfdabfcd7/winterBeauty.webp?w=473,cf6d4890-4dae-11f1-afe5-ed0c2d4534f0.webp,"""6b472a0420e462c6d23029f74e113bd5""",1810090862489,1778554862504,15884
https://images.ctfassets.net/ibk8qx4pr63c/ZG7OVtYqcS3LtCS0W8bm/c5376f23fa6ea3988f6d058202772dc2/autumnGold.webp?w=473,cf66b8e1-4dae-11f1-afe5-ed0c2d4534f0.webp,"""26e9580f6bdc8e5ce9b7fb1c17447d04""",1810090862446,1778554862448,4328
https://images.ctfassets.net/ibk8qx4pr63c/aAt6uGs0Xa1vBJCfLHEc/ed6a029f8430eae0382f0e238b45a0d4/magneto.webp?w=473,cf744d70-4dae-11f1-afe5-ed0c2d4534f0.webp,"""4ca6f7fac7baf6de76b9129f5d12ebeb""",1810090862535,1778554862567,39808
https://images.ctfassets.net/ibk8qx4pr63c/axg2o141wQOUqnkFnOko/3a652666ebdf874a2948e761b72ced07/winterMountain.webp?w=473,cf67f160-4dae-11f1-afe5-ed0c2d4534f0.webp,"""39f23caa2c72b40fac755252128124b6""",1810090862454,1778554862457,3152
https://images.ctfassets.net/ibk8qx4pr63c/c0QW2ZhbVzgdLVT0vV3u/89ac98e7ff99527dd1307ed4cd68641e/vaporWave.webp?w=473,cf742660-4dae-11f1-afe5-ed0c2d4534f0.webp,"""9e5ef5e0737e5fe29465a93b7879280c""",1810090862534,1778554862541,19564
https://images.ctfassets.net/ibk8qx4pr63c/fWoF524DPnDyJ3ahahue/dc59e5f36847e3ad9512a4e9390aface/frostydawn.webp?w=473,cf5c3190-4dae-11f1-afe5-ed0c2d4534f0.webp,"""2c7475d8653243d8417fb3d48acc05a0""",1810090862377,1778554862382,36882
https://images.ctfassets.net/ibk8qx4pr63c/fiP0ZOZV28gach0tuLSX/d23d569cc5eb334af23ee5f9b30edf5f/midsummerSun.webp?w=473,cf65ce80-4dae-11f1-afe5-ed0c2d4534f0.webp,"""338edd268adb6e1db4d308b95ea2c635""",1810090862440,1778554862444,3108
https://images.ctfassets.net/ibk8qx4pr63c/hAUHxekKZCXh8hTujU0b/ed2a4c89f6fb660f5e68765161bd928c/paintedSky.webp?w=473,cf699f10-4dae-11f1-afe5-ed0c2d4534f0.webp,"""395a86a090705b87cf1091721dc3b38f""",1810090862465,1778554862469,4146
https://images.ctfassets.net/ibk8qx4pr63c/iBMGFHkyvnCY0TPLFEJi/5fd2fe6e3047bacb7bf56daddac03614/savannaSunset.webp?w=473,cf289e70-4dae-11f1-afe5-ed0c2d4534f0.webp,"""a45e299791d7ee7f1de8d57aa42da75b""",1810090862039,1778554862042,8928
https://images.ctfassets.net/ibk8qx4pr63c/ixWfGjf4yjJvpNWU7mXR/e08ae71a8de1fa8bd5e32d7cf4950330/galaxy.webp?w=473,cf51d150-4dae-11f1-afe5-ed0c2d4534f0.webp,"""7d8f447a1fa677010d809e6b5f29329b""",1810090862309,1778554862322,25660
https://images.ctfassets.net/ibk8qx4pr63c/jGFPgnQCT1DZrD79vqq8/1e3b5c1eeba4decd24da54b00c2c826c/moonlight.webp?w=473,cf5776a0-4dae-11f1-afe5-ed0c2d4534f0.webp,"""d607b55d41f7e9fce5842146f201c01a""",1810090862346,1778554862349,5804
https://images.ctfassets.net/ibk8qx4pr63c/jL1EU6aZSY86W7l6MeGO/8288d96d41093d99265f607f7a0e9fb0/mountainBreeze.webp?w=473,cf5a83e0-4dae-11f1-afe5-ed0c2d4534f0.webp,"""f92068f23b40c1f55316232d50a28ec3""",1810090862366,1778554862371,14834
https://images.ctfassets.net/ibk8qx4pr63c/lmN8Ms9qqLG1Wv2eWjzA/2ae6c83f4d654d75e8cea30fa1d60343/tyrell.webp?w=473,cf76e581-4dae-11f1-afe5-ed0c2d4534f0.webp,"""34ec39deaef9cb85643ec04acb005514""",1810090862552,1778554862601,39612
https://images.ctfassets.net/ibk8qx4pr63c/qWeqoBNID8n9f1yC5jev/f8861a092322bb4494b3a28da1651f82/rubyRomance.webp?w=473,cf443cc0-4dae-11f1-afe5-ed0c2d4534f0.webp,"""3ed091be835a1fd2948e7fd9ada01c16""",1810090862220,1778554862224,6616
https://images.ctfassets.net/ibk8qx4pr63c/rdJNiB3E3pptWntEmLaJ/4f9e3b13b0448bc64844eeb2b051ac1c/springLake.webp?w=473,cf0f9830-4dae-11f1-afe5-ed0c2d4534f0.webp,"""7593caa9831aa93b0cdce629b07de147""",1810090861875,1778554861887,2356
https://images.ctfassets.net/ibk8qx4pr63c/tGSU0GXsdB1wOP17X8Pi/1c9ca90b218839401dccd85f9fb5ec2b/bloodmoon.webp?w=473,cf53a610-4dae-11f1-afe5-ed0c2d4534f0.webp,"""fe986bcfa700c6f8e5b9724b5a012709""",1810090862321,1778554862332,15770
https://images.ctfassets.net/ibk8qx4pr63c/tmjZlUvGyhjpS7xI31ro/c726a4677c878673126a52dd8ac79d7b/lovebirds.webp?w=473,cf4993f0-4dae-11f1-afe5-ed0c2d4534f0.webp,"""8d461ba6a0426f5b42f17f685bade2c5""",1810090862255,1778554862266,10268
https://images.ctfassets.net/ibk8qx4pr63c/ttaLi9NS7Ye8PMEIPYhL/53d3155d446a3953887041e360e06447/orangeFields.webp?w=473,cf6d6fa0-4dae-11f1-afe5-ed0c2d4534f0.webp,"""793a7a6e04da2bdcec2e8fe06589e4a4""",1810090862490,1778554862505,18770
https://images.ctfassets.net/ibk8qx4pr63c/ubEuYjjrlW9y2DRisHHZ/f290fc570210c6986da77c0957e56920/honolulu.webp?w=473,cf262d70-4dae-11f1-afe5-ed0c2d4534f0.webp,"""24416277b50d56b19a821a9e3e48ad3f""",1810090862023,1778554862027,7374
https://images.ctfassets.net/ibk8qx4pr63c/xrDS3sGEUfNY0eHf6HJ0h/b24e52c9cd1a55fdfa65271f33a00ded/Memento.webp?w=473,cf629a30-4dae-11f1-afe5-ed0c2d4534f0.webp,"""4a8dfac2ec26cf2d173fccf7795c0a1c""",1810090862419,1778554862421,5992
https://images.ctfassets.net/ibk8qx4pr63c/yAZQ50veOQ2yPkg2ETdo/fbaf45093449de8a7c91f4bf5fcaaf49/rubyGlow.webp?w=473,cf29d6f0-4dae-11f1-afe5-ed0c2d4534f0.webp,"""b1c1d54cda17485284c38e72adf07b08""",1810090862047,1778554862049,11354
https://images.ctfassets.net/ibk8qx4pr63c/yRNGHcgkq60eHN1g5vvVd/04e457d8f0b953eaa74b80aa6bb6b7c2/NovemberHaze.webp?w=473,cf7a67f0-4dae-11f1-afe5-ed0c2d4534f0.webp,"""cd917a67496e40cc966ef0db5a515320""",1810090862575,1778554862590,10930
https://www.assets.signify.com/is/image/Signify/8719514458666-929003499601-Philips-Hue-Sync-Box-gen-2-EMEA-RTP,c949a0d0-4dae-11f1-afe5-ed0c2d4534f0.jpg,"""8534792891f5bba4a57dbdeceba1c1ef""",1779159652189,1778554852229,88257
https://www.assets.signify.com/is/image/Signify/8720169392304-929004235403-Hue-Essential-WCA-806-A60-E27-4P-EU-RTP,c9461e60-4dae-11f1-afe5-ed0c2d4534f0.jpg,"""3ffded254857f4438ce37331c9797545""",1779159652166,1778554852223,122202
https://www.assets.signify.com/is/image/Signify/8720169392540-929004235703-Hue-Essential-WCA-345-GU10-4P-EU-RTP,c94979c0-4dae-11f1-afe5-ed0c2d4534f0.jpg,"""89af61c685244276d730846fe58431a9""",1779159652188,1778554852238,188178
https://www.assets.signify.com/is/image/Signify/8721103087812-929004610402-Hue-Flux-strip-light-3m-EU-RTP,c946baa0-4dae-11f1-afe5-ed0c2d4534f0.jpg,"""13a059107c7b96b677e51ae25d491852""",1779159652170,1778554852228,121303
https://www.assets.signify.com/is/image/Signify/hue_dimmerswitch_v2_p1,c94a1600-4dae-11f1-afe5-ed0c2d4534f0.jpg,"""d84379a6b7fe6354c1f5b16c5d38e6da""",1779159652192,1778554852223,59520
